decision_id,green_cell,duration_sec,density_norm_at_start,elapsed_sec
0,1,49.00000034332277,0.3333333333333333,65.01540446281433
1,2,59.78022060940168,0.3333333333333333,114.03213000297546
2,3,90.0,0.7142857142857143,173.82460498809814
3,0,47.05128266261174,0.23809523809523808,263.8258488178253
4,1,48.95522362566069,0.14285714285714285,310.87823462486267
5,2,65.0,0.42857142857142855,359.83671283721924
6,3,90.0,0.7142857142857143,424.86279344558716
